{"camera_matrix": [[772.7579398984512, 0.0, 631.4741011592728], [0.0, 774.7626776273447, 356.73289033085894], [0.0, 0.0, 1.0]], "distortion_coefficients": [[-0.4505056528115055, 0.2805950523519397, -0.006409007397412659, -0.001745893974580009, -0.12523763341183008]]}