{
  "participant": "Sebas_000",
  "apply": false,
  "calib_segment_times": [
    21.539,
    520.944
  ],
  "panel_offsets": [
    {
      "t": 27.409,
      "off_x": 0.008021,
      "off_y": -0.008214,
      "seg": 0,
      "n_dots": 9
    },
    {
      "t": 255.227,
      "off_x": -0.012945,
      "off_y": -0.040822,
      "seg": 0,
      "n_dots": 9
    },
    {
      "t": 349.522,
      "off_x": -0.01608,
      "off_y": -0.044738,
      "seg": 0,
      "n_dots": 9
    }
  ],
  "stats": {
    "base_px": 34.4,
    "corr_px": 24.71,
    "gain": 0.282,
    "gain_lo": -0.127,
    "gain_hi": 0.458,
    "n_points": 27
  },
  "uncertainty": {
    "jitter_cov_px": {
      "sigma_major": 20.3,
      "sigma_minor": 14.95,
      "angle_deg": -151.2
    },
    "conf_var_factor": {
      "conf": [
        0.675,
        0.8,
        0.89,
        0.955,
        0.995
      ],
      "factor": [
        1.639,
        1.469,
        1.416,
        1.275,
        0.412
      ]
    },
    "spatial_var_factor": {
      "model": "radial_ecc_px",
      "ecc": [
        125.3,
        262.9,
        392.6
      ],
      "factor": [
        2.183,
        0.573,
        0.204
      ]
    },
    "jitter_rms_px": 25.21,
    "n_samples": 4324,
    "units": "image px (1280x720); Sigma_meas = jitter_cov * conf_var_factor(conf) * spatial_var_factor(ecc)",
    "bias_cov_px": [
      [
        571.1626768608896,
        379.92508691933915
      ],
      [
        379.92508691933915,
        787.9668371059322
      ]
    ]
  },
  "fingerprint": "44095fb34483",
  "units": "normalized image coords, origin top-left; subtract off from [x, 1-y]"
}